firstname,lastname,email,phone,mailingStreet,mailingCity,mailingState,mailingPostalCode,mailingCountry,description
Arden,Dunn,vulputate@icloud.ca.invalid,(532) 246-8129,6058 Nunc Street,Tarrasa,North West,71545,Russian Federation,"Sed dictum. Proin eget odio. Aliquam vulputate ullamcorper magna. Sed eu eros. Nam consequat dolor vitae dolor. Donec fringilla. Donec feugiat metus sit amet ante. Vivamus non lorem vitae odio sagittis semper. Nam tempor diam dictum sapien. Aenean massa. Integer vitae nibh. Donec est mauris, rhoncus id, mollis nec, cursus"
Lucius,Holder,ridiculus.mus.aenean@yahoo.ca.invalid,(141) 783-2506,274-9141 Pellentesque Rd.,Santander,Luik,86-520,Colombia,"Proin non massa non ante bibendum ullamcorper. Duis cursus, diam at pretium aliquet, metus urna convallis erat, eget tincidunt dui augue eu tellus. Phasellus elit pede, malesuada vel, venenatis vel, faucibus id, libero. Donec consectetuer mauris id sapien. Cras dolor dolor, tempus non, lacinia at, iaculis quis, pede. Praesent eu"
Simon,Fitzgerald,suspendisse.aliquet@protonmail.edu.invalid,(945) 510-7770,827-2033 Donec Avenue,Rustenburg,East Region,3245,Philippines,"ultricies sem magna nec quam. Curabitur vel lectus. Cum sociis natoque penatibus et magnis dis parturient montes, nascetur ridiculus mus. Donec dignissim magna a tortor. Nunc commodo auctor velit. Aliquam nisl. Nulla eu neque pellentesque massa lobortis ultrices. Vivamus rhoncus. Donec est. Nunc ullamcorper, velit in aliquet lobortis, nisi nibh"
Eaton,Cote,sed.molestie@outlook.org.invalid,(362) 331-6321,Ap #246-8568 Gravida Street,Zaragoza,Huila,690671,France,quis diam. Pellentesque habitant morbi tristique senectus et netus et malesuada fames ac turpis egestas. Fusce aliquet magna a neque. Nullam ut nisi a odio semper cursus. Integer mollis. Integer tincidunt aliquam arcu. Aliquam ultrices iaculis odio. Nam interdum enim non nisi. Aenean eget metus. In nec orci. Donec nibh.
Orlando,Valenzuela,odio@yahoo.ca.invalid,(855) 165-3591,3008 Dolor. Road,Manavgat,Cartago,I3H 0M1,Sweden,"ut, sem. Nulla interdum. Curabitur dictum. Phasellus in felis. Nulla tempor augue ac ipsum. Phasellus vitae mauris sit amet lorem semper auctor. Mauris vel turpis. Aliquam adipiscing lobortis risus. In mi pede, nonummy ut, molestie in, tempus eu, ligula. Aenean euismod mauris eu elit. Nulla facilisi. Sed neque. Sed eget"
Brian,Hayes,eu.nibh.vulputate@yahoo.edu.invalid,(384) 883-0531,Ap #691-9225 Fames St.,Beauvais,Utrecht,733824,Sweden,"sit amet ante. Vivamus non lorem vitae odio sagittis semper. Nam tempor diam dictum sapien. Aenean massa. Integer vitae nibh. Donec est mauris, rhoncus id, mollis nec, cursus a, enim. Suspendisse aliquet, sem ut cursus luctus, ipsum leo elementum sem, vitae aliquam eros turpis non enim. Mauris quis turpis vitae"
Carla,Jones,elementum.lorem.ut@yahoo.com.invalid,(191) 393-6976,756-4531 Erat Street,Santiago,Friesland,888568,Austria,"orci sem eget massa. Suspendisse eleifend. Cras sed leo. Cras vehicula aliquet libero. Integer in magna. Phasellus dolor elit, pellentesque a, facilisis non, bibendum sed, est. Nunc laoreet lectus quis massa. Mauris vestibulum, neque sed dictum eleifend, nunc risus varius orci, in consequat enim diam vel arcu. Curabitur ut odio"
Bianca,Christensen,fermentum@hotmail.couk.invalid,(580) 432-4834,632-6027 Sapien Av.,Cessnock,Niedersachsen,7252,Costa Rica,"aliquet odio. Etiam ligula tortor, dictum eu, placerat eget, venenatis a, magna. Lorem ipsum dolor sit amet, consectetuer adipiscing elit. Etiam laoreet, libero et tristique pellentesque, tellus sem mollis dui, in sodales elit erat vitae risus. Duis a mi fringilla mi lacinia mattis. Integer eu lacus. Quisque imperdiet, erat nonummy"
Aurelia,Hood,quam.quis@hotmail.couk.invalid,(422) 806-9631,"Ap #834-6148 Lorem, Av.",Ełk,Sindh,96061,Vietnam,"fermentum fermentum arcu. Vestibulum ante ipsum primis in faucibus orci luctus et ultrices posuere cubilia Curae Phasellus ornare. Fusce mollis. Duis sit amet diam eu dolor egestas rhoncus. Proin nisl sem, consequat nec, mollis vitae, posuere at, velit. Cras lorem lorem, luctus ut, pellentesque eget, dictum placerat, augue. Sed molestie."
Isadora,Buckner,luctus.et.ultrices@protonmail.net.invalid,(898) 831-7465,670-3989 Nullam Avenue,Tanjung Pinang,Møre og Romsdal,835624,United Kingdom,"dui nec urna suscipit nonummy. Fusce fermentum fermentum arcu. Vestibulum ante ipsum primis in faucibus orci luctus et ultrices posuere cubilia Curae Phasellus ornare. Fusce mollis. Duis sit amet diam eu dolor egestas rhoncus. Proin nisl sem, consequat nec, mollis vitae, posuere at, velit. Cras lorem lorem, luctus ut, pellentesque"
Carlos,Knowles,aliquet.nec@google.org.invalid,(753) 419-7230,Ap #933-6866 Imperdiet Avenue,Pacasmayo,Sindh,4422,Pakistan,"aliquam adipiscing lacus. Ut nec urna et arcu imperdiet ullamcorper. Duis at lacus. Quisque purus sapien, gravida non, sollicitudin a, malesuada id, erat. Etiam vestibulum massa rutrum magna. Cras convallis convallis dolor. Quisque tincidunt pede ac urna. Ut tincidunt vehicula risus. Nulla eget metus eu erat semper rutrum. Fusce dolor"
Azalia,Goff,adipiscing.lacus@hotmail.edu.invalid,(612) 447-9273,831-634 Lacus. Rd.,Horsham,Connacht,39624-22224,Peru,"dis parturient montes, nascetur ridiculus mus. Aenean eget magna. Suspendisse tristique neque venenatis lacus. Etiam bibendum fermentum metus. Aenean sed pede nec ante blandit viverra. Donec tempus, lorem fringilla ornare placerat, orci lacus vestibulum lorem, sit amet ultricies sem magna nec quam. Curabitur vel lectus. Cum sociis natoque penatibus et"
Blossom,Burke,tellus.justo@aol.couk.invalid,(974) 950-2266,"4256 Amet, Av.",Leirvik,Lipetsk Oblast,8047,Nigeria,"Aliquam fringilla cursus purus. Nullam scelerisque neque sed sem egestas blandit. Nam nulla magna, malesuada vel, convallis in, cursus et, eros. Proin ultrices. Duis volutpat nunc sit amet metus. Aliquam erat volutpat. Nulla facilisis. Suspendisse commodo tincidunt nibh. Phasellus nulla. Integer vulputate, risus a ultricies adipiscing, enim mi tempor lorem,"
Wynne,Bass,erat@hotmail.edu.invalid,(627) 653-4523,"P.O. Box 556, 4912 Rhoncus. St.",Stockton-on-Tees,Gaziantep,63865,India,"blandit viverra. Donec tempus, lorem fringilla ornare placerat, orci lacus vestibulum lorem, sit amet ultricies sem magna nec quam. Curabitur vel lectus. Cum sociis natoque penatibus et magnis dis parturient montes, nascetur ridiculus mus. Donec dignissim magna a tortor. Nunc commodo auctor velit. Aliquam nisl. Nulla eu neque pellentesque massa"
Whitney,Langley,non@outlook.com.invalid,(647) 439-3432,3002 Proin St.,Harstad,Molise,89541-86120,France,"sit amet nulla. Donec non justo. Proin non massa non ante bibendum ullamcorper. Duis cursus, diam at pretium aliquet, metus urna convallis erat, eget tincidunt dui augue eu tellus. Phasellus elit pede, malesuada vel, venenatis vel, faucibus id, libero. Donec consectetuer mauris id sapien. Cras dolor dolor, tempus non, lacinia"
Emery,Fitzgerald,fusce.aliquam@outlook.couk.invalid,(860) 250-4443,315-8602 Sapien. Rd.,Haßloch,Radnorshire,225808,Pakistan,"id, ante. Nunc mauris sapien, cursus in, hendrerit consectetuer, cursus et, magna. Praesent interdum ligula eu enim. Etiam imperdiet dictum magna. Ut tincidunt orci quis lectus. Nullam suscipit, est ac facilisis facilisis, magna tellus faucibus leo, in lobortis tellus justo sit amet nulla. Donec non justo. Proin non massa non"
Rhona,Booth,eu.erat.semper@protonmail.com.invalid,(881) 431-1483,Ap #945-7929 Nullam Street,Cork,Bình Định,74673,Ireland,"luctus vulputate, nisi sem semper erat, in consectetuer ipsum nunc id enim. Curabitur massa. Vestibulum accumsan neque et nunc. Quisque ornare tortor at risus. Nunc ac sem ut dolor dapibus gravida. Aliquam tincidunt, nunc ac mattis ornare, lectus ante dictum mi, ac mattis velit justo nec ante. Maecenas mi felis,"
Heather,Flowers,tellus.non@protonmail.org.invalid,(285) 844-7980,4243 Iaculis Avenue,Santa Fiora,Pará,44273,Norway,"quam, elementum at, egestas a, scelerisque sed, sapien. Nunc pulvinar arcu et pede. Nunc sed orci lobortis augue scelerisque mollis. Phasellus libero mauris, aliquam eu, accumsan sed, facilisis vitae, orci. Phasellus dapibus quam quis diam. Pellentesque habitant morbi tristique senectus et netus et malesuada fames ac turpis egestas. Fusce aliquet"
Dante,Martinez,pede.malesuada@outlook.edu.invalid,(744) 127-2117,"P.O. Box 495, 5781 Nec Road",Weiz,Samara Oblast,566420,Brazil,"convallis ligula. Donec luctus aliquet odio. Etiam ligula tortor, dictum eu, placerat eget, venenatis a, magna. Lorem ipsum dolor sit amet, consectetuer adipiscing elit. Etiam laoreet, libero et tristique pellentesque, tellus sem mollis dui, in sodales elit erat vitae risus. Duis a mi fringilla mi lacinia mattis. Integer eu lacus."
Paula,Trujillo,vitae.nibh@aol.couk.invalid,(448) 247-2894,5251 At St.,Cardiff,Pará,618073,Italy,"tempor bibendum. Donec felis orci, adipiscing non, luctus sit amet, faucibus ut, nulla. Cras eu tellus eu augue porttitor interdum. Sed auctor odio a purus. Duis elementum, dui quis accumsan convallis, ante lectus convallis est, vitae sodales nisi magna sed dui. Fusce aliquam, enim nec tempus scelerisque, lorem ipsum sodales"
Melanie,Owens,praesent@hotmail.net.invalid,(609) 855-2288,Ap #793-8408 Eu St.,Tucapel,Quảng Trị,203665,Ireland,"felis orci, adipiscing non, luctus sit amet, faucibus ut, nulla. Cras eu tellus eu augue porttitor interdum. Sed auctor odio a purus. Duis elementum, dui quis accumsan convallis, ante lectus convallis est, vitae sodales nisi magna sed dui. Fusce aliquam, enim nec tempus scelerisque, lorem ipsum sodales purus, in molestie"
Dorian,Bowers,auctor.ullamcorper@aol.couk.invalid,(543) 516-1734,"P.O. Box 187, 5573 Laoreet Rd.",Leighton Buzzard,Biobío,3380,Philippines,"molestie tortor nibh sit amet orci. Ut sagittis lobortis mauris. Suspendisse aliquet molestie tellus. Aenean egestas hendrerit neque. In ornare sagittis felis. Donec tempor, est ac mattis semper, dui lectus rutrum urna, nec luctus felis purus ac tellus. Suspendisse sed dolor. Fusce mi lorem, vehicula et, rutrum eu, ultrices sit"
Jackson,Rush,in@hotmail.couk.invalid,(842) 320-5663,332-7006 Vestibulum Ave,Drammen,Lambayeque,2083,Nigeria,"nisi. Mauris nulla. Integer urna. Vivamus molestie dapibus ligula. Aliquam erat volutpat. Nulla dignissim. Maecenas ornare egestas ligula. Nullam feugiat placerat velit. Quisque varius. Nam porttitor scelerisque neque. Nullam nisl. Maecenas malesuada fringilla est. Mauris eu turpis. Nulla aliquet. Proin velit. Sed malesuada augue ut lacus. Nulla tincidunt, neque vitae"
James,Rogers,integer.vulputate@outlook.ca.invalid,(452) 768-7027,"P.O. Box 473, 5745 Mi Rd.",Seshego,Quảng Ninh,7682,Italy,"ultricies sem magna nec quam. Curabitur vel lectus. Cum sociis natoque penatibus et magnis dis parturient montes, nascetur ridiculus mus. Donec dignissim magna a tortor. Nunc commodo auctor velit. Aliquam nisl. Nulla eu neque pellentesque massa lobortis ultrices. Vivamus rhoncus. Donec est. Nunc ullamcorper, velit in aliquet lobortis, nisi nibh"
Timothy,Garrett,nunc@yahoo.net.invalid,(597) 752-1135,Ap #503-7367 Scelerisque Rd.,Bannu,Gia Lai,4736-2727,South Korea,"Ut nec urna et arcu imperdiet ullamcorper. Duis at lacus. Quisque purus sapien, gravida non, sollicitudin a, malesuada id, erat. Etiam vestibulum massa rutrum magna. Cras convallis convallis dolor. Quisque tincidunt pede ac urna. Ut tincidunt vehicula risus. Nulla eget metus eu erat semper rutrum. Fusce dolor quam, elementum at,"